wave_bin_log10,wave_bin_Ang,median,scatter,p16,p84,p023,p977
3.5521000623703003,3565.332699857099,1.0,3.272879846671353,0.1209069733239603,6.666666666666667,0.0,
3.556100010871887,3598.3218904671967,1.0201711679346375,21.90033752300244,0.009947419281162998,43.810622465286045,0.0,
3.560099959373474,3631.616322351735,0.9651509550938262,0.652905258364795,0.48458607255125913,1.790396589280849,0.015912165615668567,26.47571444027735
3.564099907875061,3665.218819836922,0.9806692547913011,0.30372070976155047,0.7205105594592512,1.3279519789823522,0.38637448119479373,2.51933451278572
3.5680999755859375,3699.1332487550153,0.9978123599251751,0.24871339267091297,0.7777067483694757,1.2751335337113017,0.36983240398561346,2.8638142501193258
3.572100043296814,3733.36148935677,0.9889526296859378,0.22630449024850718,0.8001822790748978,1.2527912595719122,0.4048994947860271,2.3668194448434243
3.576099991798401,3767.905411104585,0.9903954829479011,0.18549431495493562,0.8239584218842582,1.1949470517941294,0.46293187851082196,1.7946271971843768
3.580099940299988,3802.768959690872,0.9845714622828455,0.15708362404327247,0.8384572774098127,1.1526245254963576,0.5805678464299807,1.5649991998989736
3.5841000080108643,3837.9561460267496,0.983450899921369,0.14647630894229852,0.8444875979362586,1.1374402158208556,0.6167102742327265,1.5225409454108518
3.5881000757217407,3873.4689209259504,0.990440008588708,0.11161661129187178,0.871216339083536,1.0944495616672796,0.677191346983337,1.4507312110179091
3.5921000242233276,3909.3092240089804,0.9903370419678006,0.08720832133213363,0.9109030602618822,1.0853197029261494,0.7937047141603032,1.2799854606989838
3.5960999727249146,3945.481149044143,0.9980151973836728,0.06697466196178897,0.9361659437409263,1.0701152676645043,0.8586330322158249,1.1856659398113023
3.6000999212265015,3981.9877644518947,1.0002005296875163,0.058846261753145834,0.9406882496149761,1.0583807731212678,0.8520710824289807,1.1659567106003712
3.604099988937378,4018.833270171586,0.999198052102622,0.055052392616255275,0.9434979617784545,1.053602747010965,0.8515482022811809,1.1511466524374463
3.6081000566482544,4056.0197089558783,0.9968447449080742,0.05478961165477553,0.9469788235213997,1.0565580468309508,0.8546180345920793,1.1705190686887754
3.6121000051498413,4093.5491118366867,0.9986635343911855,0.07242666833726741,0.929260434079584,1.0741137707541188,0.8166740531460112,1.250409745764135
3.6160999536514282,4131.425765515483,0.9996949930787966,0.09310657044197207,0.9102612187523998,1.096474359636344,0.7887140728056332,1.3119837090201993
3.6201000213623047,4169.654027549014,1.0033912473558746,0.10695212690667943,0.9042757401131156,1.1181799939264745,0.7909324995670469,1.3202488054558215
3.624100089073181,4208.236017351371,1.0082754503020326,0.10147870444071405,0.9081936614428852,1.1111510703243133,0.7877516129736912,1.2943012965591387
3.628100037574768,4247.173842176035,1.0096268940286781,0.10181690258335946,0.8982449121089046,1.1018787172756235,0.7834662973842197,1.2950845064449967
3.632099986076355,4286.471949597926,1.0035147424981523,0.10981789457323399,0.8964333982446013,1.1160691873910693,0.7613938789398937,1.352550167257224
3.636099934577942,4326.133673227754,1.0061490322569002,0.11337422770173655,0.8911298585546976,1.1178783139581707,0.7538904031645931,1.4958555192202827
3.6401000022888184,4366.163575987388,1.0092081604280614,0.12319787118393899,0.8816799380268381,1.128075680394716,0.7519460603729486,1.4959410086171838
3.644100069999695,4406.56387717573,1.0035495903911507,0.125022292209153,0.88096445160704,1.131009036025346,0.740938529345168,1.4470794427471687
3.6481000185012817,4447.336783357963,1.0008249738726596,0.12409647616585212,0.8900325389265197,1.138225491258224,0.7383662611885361,1.447527243035311
3.6520999670028687,4488.486951716551,1.005131436151852,0.1302674592374788,0.8838228142302146,1.1443577327051722,0.7408058897600117,1.4664504042353523
3.6560999155044556,4530.01787297028,1.0070833184248924,0.13303280185568722,0.8795472742959927,1.145612878007367,0.7328990292496266,1.5205554550819913
3.660099983215332,4571.934325084694,1.0078868492111437,0.13125433253792168,0.8796673064707256,1.142175971546569,0.7151778047909174,1.5604303247800035
3.6641000509262085,4614.238631950928,1.0058454390503302,0.1300203716304934,0.8804884125490131,1.14052915581,0.6987225472936516,1.5671177224623412
3.6680999994277954,4656.933104126275,1.009146972145011,0.12913097644025606,0.8802895866453688,1.138551539525881,0.7120598418568143,1.5447339378376603
3.6720999479293823,4700.022618279232,1.0074094472838546,0.13806695390823182,0.8756042973496024,1.151738205166066,0.7213723660182035,1.5407689608992485
3.676100015640259,4743.512131685189,1.006058864745511,0.1449267790111085,0.8682921917010604,1.1581457497232774,0.7093781142282982,1.6114294653207273
3.6801000833511353,4787.404055447413,1.00495633427289,0.14987086338641809,0.8630267629533568,1.162768489726193,0.6861876366918596,1.6587125302883978
3.684100031852722,4831.700786834932,1.0042609875796735,0.14386350614372578,0.8635987022976828,1.1513257145851343,0.6830726163512367,1.6114993221435034
3.688099980354309,4876.407385530264,0.9993142846938244,0.14750607110140074,0.8638294332359217,1.1588415754387231,0.662378143464009,1.6104727630921492
3.692099928855896,4921.527643939863,0.9971485772239559,0.15346452478003875,0.8566979948583157,1.1636270444183932,0.6650235266861566,1.5721813609606643
3.6960999965667725,4967.066752968081,0.9983477522404045,0.16004020664644647,0.851517505959394,1.171597919252287,0.6685676621934006,1.6018704681632085
3.700100064277649,5013.027237349872,0.9958191694796057,0.1593320662647763,0.8528828222775523,1.171546954807105,0.6456332323894557,1.6212757743624753
3.704100012779236,5059.411607333962,0.9989986317587936,0.15930404537866905,0.8552144354553406,1.1738225262126787,0.6690887663468946,1.6399454559050592
3.7080999612808228,5106.225161058126,0.9955958804630534,0.16078816382756583,0.8574768220838404,1.179053149738972,0.680510472558308,1.7038457506496114
3.7120999097824097,5153.4718696592545,0.9951883232110811,0.1656959539150894,0.8568578654217849,1.1882497732519637,0.6770688222687185,1.7469583957561166
3.716099977493286,5201.157168681245,0.9935153044370524,0.163434680619009,0.8528769377079013,1.1797462989459193,0.6625249121024267,1.7540607615682622
3.7201000452041626,5249.2837018460295,0.9930985185601665,0.1721039875741383,0.8444963156556576,1.1887042908039342,0.6531352509974998,1.7480936529192648
3.7240999937057495,5297.854097706594,0.9925855494104766,0.1734201692845715,0.842771209521034,1.189611548090177,0.645929833785496,1.813098253110591
3.7280999422073364,5346.873904094014,0.9936868965817524,0.1722867984682957,0.8428434739920813,1.1874170709286727,0.6317661284651778,1.8063169853098668
3.732100009918213,5396.348760539958,0.9922785448506115,0.17915052985612795,0.8393023522685373,1.1976034119807932,0.6336553275926041,1.8254980402858336
3.7361000776290894,5446.281409981258,0.9940633976307588,0.1754994481797652,0.8445034883695256,1.195502384729056,0.6464412529754897,1.8038650410066923
3.7401000261306763,5496.674579616536,0.9970415475624738,0.17058215349751166,0.8433255298196655,1.1844898368146888,0.6152101247306774,1.8293484644760554
3.744099974632263,5547.534025478605,1.0006444042079234,0.1797029141145572,0.8351589493296439,1.1945647775587582,0.6052878031194249,1.859319429211571
3.74809992313385,5598.864061912471,0.9953566575227488,0.18603172434141085,0.8268995936391147,1.1989630423219364,0.6049983664908826,1.8862560638573918
3.7520999908447266,5650.6705942324825,0.9900898430819476,0.1875314486264097,0.8292823420508102,1.2043452393036296,0.6185918775305852,1.8982797315836464
3.756100058555603,5702.956494645977,0.9888391655025084,0.18691818935439142,0.8329701621752912,1.206806540884074,0.6012578817507942,1.891523895400898
3.76010000705719,5755.72461888036,0.9906268576399161,0.19178142439623996,0.825433110976668,1.208995959769148,0.6234279634522534,1.8870091669245097
3.764099955558777,5808.980994241651,1.000838106258289,0.19643677819475325,0.820119994530873,1.2129935509203795,0.6283084956271324,1.890994156666644
3.7681000232696533,5862.731747661751,1.0081805964292725,0.19730536671041798,0.8159633878926156,1.2105741213134515,0.603898956673845,1.9683187848693735
3.77210009098053,5916.979859137608,1.0048664457414105,0.20449120437077328,0.8152600853170178,1.2242424940585643,0.6129191286354968,1.8451009014419923
3.7761000394821167,5971.728291567778,1.0012178278601076,0.20486498639205963,0.8182084357163886,1.2279384085005078,0.6008102925240092,1.8371997744917279
3.7800999879837036,6026.98329845399,0.9974732771939923,0.2104917928142016,0.8115170074660962,1.2325005930944994,0.6000633830863893,1.989586724278059
3.7840999364852905,6082.749567011351,0.9961781264464661,0.20168069284185663,0.8165002294845427,1.219861615168256,0.61796206810232,1.9631002123836894
3.788100004196167,6139.033512924885,0.9983016150518113,0.20641460036075504,0.8170747128449464,1.2299039135664565,0.625152554894153,1.9049336606255856
3.7921000719070435,6195.838256634333,0.9899270897799103,0.21123334784356118,0.8116426681685409,1.2341093638556633,0.6279055031906423,1.9082663301760403
3.7961000204086304,6253.166900675222,0.9903976531539596,0.20382242173902676,0.8096805740713231,1.2173254175493766,0.6171390154709961,1.887169455301559
3.8000999689102173,6311.025993267449,0.9907164433756619,0.20712738745281267,0.8071544530697758,1.2214092279754012,0.6150257199296136,1.8432363654851556
3.804099917411804,6369.420442527549,0.9943142226293079,0.2184627646053819,0.8009181552756574,1.2378436844864211,0.6017096715705058,1.8670222100108376
3.8080999851226807,6428.35696650217,0.9924717500589318,0.2248369065301003,0.80216769328806,1.2518415063482606,0.5886192902981097,1.8233717445732307
3.812100052833557,6487.838832692704,0.9957921310468192,0.2305116129513829,0.794545977249179,1.2555692031519448,0.5814366805030531,1.8466140127638615
3.816100001335144,6547.869289852529,0.9965510456000536,0.22492239452384827,0.7926032243664353,1.2424480134141318,0.5931074803697765,1.8467224646215297
3.820099949836731,6608.4551948093385,0.9957577774727061,0.2266744841285644,0.7939710754343605,1.2473200436914893,0.59207375279438,1.8735818163123776
3.8241000175476074,6669.603517727952,0.9966636281043274,0.22968579280860923,0.7934230361362318,1.2527946217534502,0.5917765166415371,1.8535322362541362
3.828100085258484,6731.317648734163,0.9942670169029453,0.23536838211594835,0.7927928969074631,1.2635296611393598,0.5876389276773972,1.8669286018508617
3.832100033760071,6793.600958502171,0.990054228210294,0.24765099731533358,0.7909238164631858,1.286225811093853,0.5977172245715122,1.8842849750845398
3.8360999822616577,6856.460561186081,0.9904806906260684,0.25343238357467507,0.788444827965234,1.295309595114584,0.5969824557167355,1.8919687548587656
3.8400999307632446,6919.901789089623,0.9947906062770606,0.24820855897387628,0.788160698307578,1.2845778162553305,0.6009476411710472,1.9401080631712448
3.844099998474121,6983.931940871041,0.9933170232520943,0.24778700202065046,0.7847985677510197,1.2803725717923207,0.5947110468168538,1.9930981716718283
3.8481000661849976,7048.554566427681,0.9912606402717784,0.2461800771589529,0.7806431479083519,1.2730033022262577,0.589146742741816,1.8957681743333596
3.8521000146865845,7113.773195288565,0.9917192940940583,0.2515110292159544,0.7696636362081403,1.272685694640049,0.5713860254478185,1.9139915246847818
3.8560999631881714,7179.595276887229,0.9901439578648258,0.24621702145427682,0.7732990241366429,1.2657330670451965,0.5604319434496581,1.9450724112163575
3.8600999116897583,7246.0263948308875,0.9881705097782862,0.25703261351937623,0.7742388731801062,1.2883041002188587,0.5564976440237618,2.0003930890848314
3.8640999794006348,7313.074191752615,0.9930557000313919,0.25753424489507726,0.7828020084505749,1.2978704982407294,0.5509107560211434,2.018768227624646
3.8681000471115112,7380.7423848511025,0.9887187724167783,0.2585813871413176,0.7879967205505896,1.3051594948332248,0.5474314363481453,2.022879499415956
3.872099995613098,7449.034669996789,0.9857500663873136,0.26452889148982295,0.7838443960586952,1.312902179038341,0.5839580808506498,2.0608284884474064
3.876099944114685,7517.958847703851,0.9881226983174669,0.2715229162344006,0.7773384726755428,1.320384305144344,0.5853433824728592,2.077033217088411
3.8801000118255615,7587.522847421867,0.9790269278308041,0.27713769418472006,0.7702532524366362,1.3245286408060764,0.5856360001335567,2.0943341860015283
3.884100079536438,7657.730525850394,0.9781812610690658,0.2749974952921236,0.7758268657159131,1.3258218563001603,0.5707219344731399,2.117619806271191
3.888100028038025,7728.58571756032,0.9797479394620882,0.2720978686533939,0.7782048429028299,1.3224005802096177,0.5674318843036315,2.048628968339451
3.892099976539612,7800.096515807365,0.9890536690825616,0.2690342947494273,0.7766388665689217,1.3147074560677763,0.5471479594645683,2.0762353314787347
3.8960999250411987,7872.268986765669,0.9852585164158807,0.26822331115607556,0.7835251404920305,1.3199717628041816,0.5514231659230775,2.2187402795530153
3.900099992752075,7945.11143358789,0.97732539095118,0.2744793062510167,0.7830951981955341,1.3320538106975675,0.5663426278665574,2.269690499615706
3.9041000604629517,8018.627894734059,0.9714123931480417,0.2855199539295644,0.7688346442312339,1.3398745520903628,0.5575758790083122,2.246937408409206
3.9081000089645386,8092.822385492644,0.9741526364446051,0.28566167428082057,0.7631589176551759,1.334482266216817,0.5473072405983312,2.2438616743753546
3.9120999574661255,8167.703380542385,0.9817894678063328,0.2837773147907594,0.7636426538667151,1.331197283448234,0.5448499319667752,2.258545050765121
3.916100025177002,8243.27949464075,0.9895973341809119,0.2827211512025584,0.7714832831100796,1.3369255855151965,0.5394291006216924,2.3456217118140357
3.9201000928878784,8319.554917805093,0.9905611111036711,0.2817537083900516,0.7712066311847746,1.3347140479648778,0.5368462252477071,2.1774561674325383
3.9241000413894653,8396.533816011604,0.9927972242900152,0.2811228982128825,0.7688345969603891,1.3310803933861541,0.5300959822197878,2.175225029789262
3.9280999898910522,8474.224981980951,0.9919093768795303,0.2901796776000096,0.765876223012969,1.3462355782129882,0.5216835174657288,2.2265350217110957
3.932099938392639,8552.635006160357,0.9911430506410597,0.29232850823753914,0.7648216956022983,1.3494787120773766,0.5138084805738352,2.2740781102708505
3.9361000061035156,8631.772909307903,0.9901635412715237,0.2900071134947079,0.761568576614943,1.3415828036043589,0.49900067760764855,2.355442745501646
3.940100073814392,8711.643078910185,0.9899545385363082,0.2876185820299617,0.7649989485009514,1.3402361125608748,0.4899759660347093,2.3533264311737883
3.944100022315979,8792.249877279612,0.9886346699590289,0.2919649106696014,0.7630316289688845,1.3469614503080873,0.5088441517413996,2.376199175277874
3.948099970817566,8873.602511524603,0.9899482515823499,0.2945552076997945,0.7596322214350324,1.3487426368346214,0.5167494994632019,2.3591225101302533
3.952099919319153,8955.70788269029,0.984312591111328,0.29456665570995244,0.7595626836346636,1.3486959950545685,0.4970595375645452,2.3985499288611316
3.9560999870300293,9038.57543666957,0.9750753597888238,0.2968558406843641,0.7564825998689069,1.350194281237635,0.4984123586980633,2.4069772164689924
3.9601000547409058,9122.209767724704,0.9793516063518886,0.2985040355867118,0.7520279892014243,1.349036060374848,0.4782927383566523,2.3390857841385606
3.9641000032424927,9206.615443757359,0.9779439192994523,0.3041544573482315,0.7503220485227341,1.358630963219197,0.45762504923502295,2.4166394829356395
3.9680999517440796,9291.802105793176,0.9783637090778721,0.3086847854728547,0.7508695932823941,1.3682391642281035,0.44327861782946126,2.3275008189754396
3.972100019454956,9377.779554215187,0.9880435886141574,0.32983526326296037,0.7377653482289038,1.3974358747548246,0.48172778843212005,2.3646891994954227
3.9761000871658325,9464.552555701393,0.9873203640525214,0.3237423382384182,0.7342022111871803,1.3816868876640167,0.4564937826456603,2.7303075675044917
3.9801000356674194,9552.125849579925,0.9877220969544103,0.31227306551410794,0.7434138678302522,1.367959998858468,0.44846453433957145,2.3636405559902434
3.9840999841690063,9640.509438689593,0.9882364789441576,0.31287009740843885,0.7467567883068418,1.3724969831237195,0.4286093319735237,2.335548955135723
3.9880999326705933,9729.710820502885,0.9853625677180153,0.311710874601401,0.7496431262067991,1.373064875409601,0.4052169478540373,2.3059828904238318
3.9921000003814697,9819.740257280206,0.9881263941970166,0.3293572392660013,0.7418246755018748,1.4005391540338774,0.3667498682537893,2.9977189351324465
3.996100068092346,9910.602740345947,0.997390346299764,0.3902808097418568,0.7125842718194576,1.4931458913031712,0.32680265889344184,3.2460429227750276
4.000100016593933,10002.303232385675,1.0148456285781284,0.45966437298825663,0.676477389458033,1.5958061354345463,0.32700265115810817,6.141181132633554
4.00410008430481,10094.85497858866,1.0096999533830764,0.5327630783424899,0.6440750714280421,1.709601228113022,0.2936048469617224,7.302223979430619
4.0081000328063965,10188.26031354753,1.0121950740685568,0.6651133198974855,0.5734281395765192,1.9036547793714902,0.23388885216982086,41.477502511406854
4.012099981307983,10282.529906251284,1.0506877091075693,1.149723284661327,0.4188334629763948,2.718280032299049,0.039936169351670214,255.8959100413983
