SNR_bin,OII_median,OII_p16,OII_p84,OII_p023,OII_p977,Hb_median,Hb_p16,Hb_p84,Hb_p023,Hb_p977,OIII_median,OIII_p16,OIII_p84,OIII_p023,OIII_p977,Ha_median,Ha_p16,Ha_p84,Ha_p023,Ha_p977,NII_median,NII_p16,NII_p84,NII_p023,NII_p977,SII_median,SII_p16,SII_p84,SII_p023,SII_p977
0.29545454545454547,0.24513692710906668,-1.290661085857428,1.6995803934574285,-3.947782581954811,3.1208885094687764,-1.8882911223140526,-3.187871213828813,-0.48600247532578345,-5.122037858852778,1.4579240628082988,-0.8085670237005829,-2.014252946461393,0.3919882629429826,-3.8424166703374345,2.12955976516674,-1.535361072941294,-2.9397891952807678,-0.19032587437607598,-4.973453788093051,1.6082738150664133,-0.715011828807906,-2.1964024411967653,0.6114646590859066,-4.7618023191863665,2.3597081390584442,-0.45188597316184,-1.7691223093059638,0.7950313267881387,-4.035953303264134,2.521580337311594
0.8863636363636365,0.34662920181126516,-0.539981900967366,1.2736766278543028,-2.742520470018318,2.660210392098967,-0.7738504978528544,-1.6803695367965923,0.4724467490545314,-2.355984566740239,2.254377770239936,-0.10377486273523029,-0.8048825120927382,0.8763212345863661,-1.4838702465888292,2.4721956050822476,-0.5412662298350641,-1.4746701788612426,0.4922195179727767,-2.390264215063815,2.137755601312281,0.07504259504380675,-0.8188990467373122,1.1531461266848118,-2.290128988817785,2.715496325940052,0.16611821152515768,-0.5761840871399188,1.2000041229060825,-1.5311899208309305,2.76727760403221
1.4772727272727275,0.22823099366684238,-0.3147244710940825,0.8430607963328643,-2.1881123316885986,2.138804981504864,-0.36046028885442366,-1.1797938509464132,0.7997676331882939,-1.80594964081274,2.499761468254692,0.016945262991977558,-0.5250358168608426,0.8523407082574997,-1.062563694058368,2.364702520756829,-0.2804178097530703,-1.0558419990483305,0.5983040623710211,-1.8688644444008824,2.1442495079328183,0.19607557575474818,-0.5048664435325333,1.1415591868420913,-1.7006754305176002,2.6430457599678006,0.2330271929657675,-0.3100798797253017,1.0748882584480899,-1.0346994311082682,2.594310779056524
2.0681818181818183,0.14780460842240772,-0.232740746068107,0.5794577360761309,-1.7232496565190814,1.6422417956357722,-0.12718895253610163,-0.873601363711708,0.9427567172983429,-1.4619097808724342,2.5625381671561644,0.02926835287327947,-0.39959437995796804,0.7277258852584564,-0.8359663420219912,2.162308944337669,-0.1887135275070496,-0.852925399124344,0.5550968782192439,-1.5835593219917576,2.0341402281092207,0.19495088573818128,-0.37108739117378026,0.9994632888559517,-1.4018215823868116,2.4333904137897626,0.20138748313893473,-0.21013844729237394,0.881252366325484,-0.7973665480521229,2.3251467363743252
2.659090909090909,0.09983739162674529,-0.18379484582743602,0.40206780978505574,-1.236219990140413,1.2112184395998336,0.003675868373509368,-0.6613226245026659,0.967399840837456,-1.204341421941886,2.5598640878011794,0.015516557655232492,-0.3287970633034711,0.5697111905716649,-0.6775985268369862,1.880485871815062,-0.15593256386695703,-0.7380228456535652,0.48026966309809527,-1.3775570522766059,1.8292556388477657,0.1684451105519949,-0.295552838788312,0.8409798430491273,-1.1548137421095275,2.1950189233491386,0.16561632569287887,-0.15607937722268939,0.6930513830112756,-0.6327862800884478,2.0398462848606433
3.25,0.0713968924983675,-0.15464703087510095,0.29471238145095957,-0.8999818836744754,0.8285750294349159,0.07363913028526284,-0.5246061804447324,0.9234472112938656,-1.0304247008312482,2.5074604953904176,0.0005397797373766386,-0.2834200587131048,0.428895104427626,-0.5856820217603559,1.5907216047398276,-0.14328054206807114,-0.6547302145903958,0.3937677169270524,-1.215012514541132,1.6516275516982057,0.13832865011712026,-0.24544419251392544,0.6840256349173942,-0.9890366395644297,1.9076608276071139,0.13476614342741172,-0.12503766810361502,0.532841982995146,-0.5257634337504787,1.7881208798724215
3.8409090909090913,0.05349632091344644,-0.13441463970904127,0.23283362011816877,-0.5981919621520843,0.5835998426037932,0.10436265058040083,-0.4376634068670939,0.8638004597586564,-0.9099072822502371,2.3425730590515585,-0.006999766657570779,-0.2509988744757847,0.31879770172391203,-0.5083900201069573,1.2236006778045248,-0.13306719746674217,-0.5746844939263505,0.32573024213016133,-1.081366297737816,1.4221328199185235,0.11451239544905857,-0.2025208492195104,0.5460864933817717,-0.7855924914881351,1.6077840957086094,0.11289934100546085,-0.09984879015373595,0.4170667378397906,-0.41059884466657764,1.5261991756290612
4.431818181818182,0.04250006662489439,-0.11764220261343115,0.19067163804197554,-0.4488807036042469,0.42869722364756624,0.10425405923397174,-0.3734000384463081,0.7514123944934978,-0.8435134067976029,2.072460719584565,-0.009419821917003503,-0.22427730724535327,0.2589259431064155,-0.45999983332723077,0.9332592548958428,-0.13229435552792954,-0.5435284240616162,0.25372838815293935,-0.997927998041792,1.1440094680115453,0.10007007762439601,-0.16629253674281128,0.4556283373431389,-0.6654577117175529,1.3542185643195268,0.09593028451727087,-0.08580713532656285,0.33659904763396087,-0.33429816153831365,1.2398872910102776
5.022727272727273,0.03371169131536371,-0.1053859201437626,0.16394638949951074,-0.3639073873338815,0.3434157271516764,0.10435625020309122,-0.3261941973408643,0.6663536272985728,-0.7666135949131089,1.9203227737529622,-0.009453850048656464,-0.19943485955993956,0.21790669010577343,-0.4145466407388056,0.7346890693052285,-0.11913067895742827,-0.48768483009908903,0.21204632653038588,-0.9062703931031219,0.9574284550176322,0.08837036655315669,-0.1412188739918569,0.37672285734732186,-0.5491286272424021,1.172627927321954,0.08371403444322612,-0.07459094686300752,0.27989676865088087,-0.28923176678441237,0.9444156616516824
5.613636363636363,0.030170536732531155,-0.09183850383234458,0.1443216447258684,-0.30128280875832164,0.2896341245805179,0.10865731109394008,-0.29353393215333995,0.6196586980191546,-0.7091690020126683,1.7783936372110607,-0.007396542446798872,-0.17676611228123432,0.18733482634118268,-0.3844488850315493,0.5935336463305183,-0.1125768686210055,-0.4556861000644615,0.18977443559726498,-0.8298300755868502,0.7934507752366737,0.07913652715872621,-0.1195552345595334,0.3240533068973562,-0.4797346260768576,0.9501535642668358,0.07243780854269105,-0.06867251176821458,0.24061605274986972,-0.23349657463240772,0.665475239506057
6.204545454545455,0.02838315171744202,-0.0808782266166853,0.13032942041852405,-0.24952540853803032,0.25584263316032085,0.11120764189922543,-0.26376228653429284,0.5558620830423523,-0.6596199605215324,1.5742136248309437,-0.0075397152796158285,-0.16025136141188442,0.16854820790991437,-0.3572997666895856,0.508492543710521,-0.1073578789988757,-0.4225644007060068,0.1652562921839142,-0.7583374851830788,0.6787347611540272,0.07265224857080863,-0.10369817187346826,0.2837358755161904,-0.3958308232617192,0.7959031650916805,0.06544969527416136,-0.06175788432273174,0.21166553461000298,-0.2140556159432297,0.5484435006375392
6.795454545454546,0.025166128613896867,-0.07002259395962591,0.11852494520341818,-0.20854144160938803,0.22820403649866874,0.10723015468813815,-0.23237693731802608,0.5151703025112486,-0.61427656213297,1.3825189266819722,-0.006529989918442244,-0.145001019634298,0.15446781016470565,-0.329024147103141,0.49110366663932997,-0.09792086458156077,-0.39503528846355324,0.14338143927655372,-0.7304578831023744,0.5988644834372793,0.06874355162268828,-0.08842111538723281,0.2623049158153094,-0.3220964734355579,0.7147472872627101,0.05787610623007096,-0.05820529003531396,0.19641684844877752,-0.19460712282847287,0.4458376873281421
7.386363636363637,0.024925753289997285,-0.0613889006718976,0.1086576809628656,-0.18050021787594797,0.21101148044384527,0.11409452544956382,-0.2132563192456281,0.48230869384178987,-0.5791834660642639,1.2770259551290775,-0.0051800480057513365,-0.13121649005407562,0.13917641413900803,-0.3043978387078613,0.4195370550111807,-0.08689011488980163,-0.3717849773765521,0.14367976543603883,-0.6769139416781994,0.54169959736304,0.060989625450663686,-0.08202860748454274,0.23484038660872356,-0.2845179140924438,0.5979537181640373,0.051117297013701116,-0.0590155499444913,0.177400767232612,-0.18215699249320225,0.39935415153776505
7.977272727272728,0.022272116650044235,-0.05417352229561531,0.10160951830293882,-0.15899432969790117,0.1957245725143614,0.10943181904950389,-0.19092488212524372,0.4567954176796693,-0.532336704510476,1.1732288100126815,-0.0054697818641943835,-0.1200515828861746,0.13144104940441026,-0.2794157377687611,0.3862005534071548,-0.07649532552579097,-0.34288177031745176,0.1251086908478706,-0.6369903329303191,0.48330168556478414,0.058704139004724695,-0.07092855586097,0.2126912603225965,-0.2605030937108475,0.5588496152740458,0.04542953076669668,-0.05458334727615834,0.15910476256029557,-0.160112328950264,0.3301035423319383
8.568181818181818,0.021072143067187805,-0.047733220176527966,0.09374780256434836,-0.1395768613447449,0.18201115564272022,0.11648560347858301,-0.16186401354587113,0.4332936824868916,-0.4794187498749462,1.1104577181251698,-0.0029443769122339514,-0.10868322893215489,0.11889910610572416,-0.252241720889662,0.35756284282823797,-0.07244347373905685,-0.3215001848564021,0.12639163627956995,-0.6198336444178618,0.4413198345949321,0.05368411386411659,-0.06771548641637698,0.19823866128209394,-0.23264115045576475,0.483868407874288,0.04316727971823345,-0.04940042931880106,0.14564961569749899,-0.1538513295345735,0.3019159828533381
9.15909090909091,0.02078309508688131,-0.04195741707614812,0.0874376707287004,-0.12864084994361946,0.17225362713074252,0.11185157122882676,-0.1572558659745733,0.40973414944079195,-0.4731760760958509,0.9817929690413912,-0.0033540750987269955,-0.10608873845691671,0.11534581347745541,-0.2488598264674288,0.3557040618430651,-0.06363704361277508,-0.293407374711158,0.12378299947528783,-0.5564061358647266,0.4140169207030979,0.04857836858261787,-0.06191286783360104,0.18096691038609025,-0.2079133715146985,0.45174678066918006,0.03533910507012635,-0.0540266278352361,0.13708532820762562,-0.156894936224627,0.27543185624498
9.75,0.020272094505505513,-0.039556788203520384,0.08304724430282574,-0.11837704567797701,0.1636831821948719,0.11769580667370874,-0.13310195099519442,0.40122228093165707,-0.43692806158138014,0.9402308159426812,-0.004203413358615394,-0.09608409248098122,0.10670998843404474,-0.22923626425033053,0.3137923575495641,-0.05776482466422661,-0.2871777463171678,0.11645833837536033,-0.5391073363990226,0.3839368570356698,0.04699692684742371,-0.05670423286872158,0.17399745863409696,-0.18031917548538715,0.42533423811412097,0.03130594355874285,-0.05627116201641623,0.13076028040842624,-0.14540524815654277,0.26454760693839435
10.340909090909092,0.019844238113971395,-0.036156309263372835,0.0798040287461278,-0.105380576195989,0.1579049208411827,0.12072826111931242,-0.12462675836781263,0.39092906522298726,-0.4176244905174328,0.8637663802127291,-0.0017797861715513426,-0.09021427371428767,0.10346600603516012,-0.20828795385778018,0.3393880844174024,-0.05154112875529281,-0.26315699034677165,0.11437723501696487,-0.5264233123456138,0.37551954769085816,0.042636113412913054,-0.054730707168421426,0.15818212432261852,-0.17406639005523836,0.3907217000498892,0.03032406652087412,-0.05377045769183665,0.12302570295496529,-0.14430715662055502,0.25774750252334333
10.931818181818183,0.019106187194506408,-0.03194961658518164,0.07660891797518228,-0.0937131786396628,0.14862791440750556,0.11404515266746539,-0.10007809177409598,0.3661629748496411,-0.37123529957756835,0.8714461363431785,1.225718004099383e-05,-0.08444221857825232,0.10531200850690797,-0.201475361264648,0.3146955172026414,-0.044972573877463756,-0.2425665680450059,0.11300434354948502,-0.4921427042935902,0.38520659015352965,0.04051352888393858,-0.051199338050821976,0.15274855775506735,-0.16043918701302265,0.3579894397134649,0.022342189531030936,-0.05071695518310165,0.10564174146858293,-0.1348751685900215,0.21616688114471572
11.522727272727273,0.0186567178030929,-0.028541902535539045,0.07161049888781246,-0.0868202256720818,0.14241969548767747,0.11817653699088627,-0.0902440691205091,0.3679737553041701,-0.3496041473905854,0.8473574190284175,0.001522968339099239,-0.07869268322059769,0.10001415471064742,-0.1852547531548013,0.33672561029926457,-0.03572740104125899,-0.21969490192714547,0.11325979186756391,-0.4743305299994277,0.31615499921778145,0.03861358866827809,-0.05022998519645701,0.14587128984242057,-0.1457678105368891,0.3527583208135393,0.02139895712948673,-0.049228007402727605,0.1056761227215852,-0.12461396290004753,0.2067851110684076
12.113636363636363,0.01959600403879583,-0.02631372273373735,0.06900243548123722,-0.0796327587375538,0.13738304449267405,0.1105658484032615,-0.0872318160609286,0.33403244089812995,-0.34661195780134024,0.7846465918270716,-0.0010931385666894638,-0.07555838787918646,0.09382460141490953,-0.180522260705413,0.30790838502456436,-0.030105523822739996,-0.2120165880540686,0.10580801080934366,-0.45260364630949057,0.302728626905334,0.03757350967214494,-0.04331591508189011,0.13835180150366655,-0.14605892784175453,0.34755023198336943,0.020177806408672266,-0.05099560125729929,0.09767655760245947,-0.13820112527941802,0.19509290517528952
12.704545454545455,0.018861740700843427,-0.023169429605760482,0.067334179447917,-0.07367432268420879,0.1393233641578448,0.11041027944847961,-0.07361348721041264,0.3313362224050437,-0.3141002826179847,0.7022828305196981,0.0017243877095704557,-0.07243625986646905,0.09253404175457057,-0.165776998527464,0.28786586265970343,-0.024561409897286723,-0.20029589034066658,0.11162956042758922,-0.42215327992488433,0.3111000522901792,0.03350949916934584,-0.04377027115359392,0.13414778935053318,-0.12412474490275006,0.30815424328959057,0.016404520008408745,-0.04971534657690466,0.08824411961507335,-0.12091968081502343,0.19452728240122152
13.295454545454547,0.018422525201938905,-0.02228631270420501,0.06546617216656649,-0.07077021763533654,0.1313794387837712,0.11680149224793583,-0.0638542324681049,0.3152763845173412,-0.27849776866993586,0.680743353440985,0.00032908999930305623,-0.06720372892941935,0.08324284730879208,-0.15921913156171816,0.3030963056103534,-0.018981222626157073,-0.18823327633551773,0.1066470452635745,-0.4035556593422551,0.2982961886213707,0.035792682455966396,-0.04329045342237179,0.1255977380942197,-0.13140772644909438,0.3169854233803665,0.015017216879966978,-0.05111604225999836,0.09411980361479429,-0.12406587088837158,0.19168469941143232
13.886363636363637,0.018770115748228913,-0.019770206813212267,0.06503336257602764,-0.0637055254167021,0.1330924301540779,0.10799242779063487,-0.05774636921268996,0.3071535629190222,-0.2690271573124536,0.6938658132013081,0.0018366619485956723,-0.06317798150195454,0.08651599490311822,-0.152294373353613,0.28952959158924396,-0.01784789121838794,-0.1885474827115982,0.10732334273200633,-0.4025622731575941,0.28160261473080045,0.03180401999868569,-0.04104520187970325,0.12009180809655598,-0.12460298237286407,0.30918421121107176,0.01666430099155467,-0.04643980024237823,0.08603303924884821,-0.11219626911638618,0.17303160798487155
14.477272727272728,0.019819802262431047,-0.018057631324019437,0.06288984050149912,-0.0629746709973628,0.1278846815451279,0.1043100435586602,-0.061332525183711246,0.3003939906827537,-0.25752430770652945,0.6432231701798352,0.0006644182004047791,-0.05771911030466723,0.08263214075604419,-0.1318936373409489,0.2767110392081835,-0.011750277954575054,-0.1774303075350328,0.10479541984788689,-0.41321565546472394,0.29312156971562164,0.030596005293366493,-0.04024398468629368,0.12427027154721737,-0.12399883212519876,0.29888287133964886,0.012363324764061785,-0.050734442254993836,0.07834093269980039,-0.10902446940228233,0.16600216058535158
15.06818181818182,0.019193098967527723,-0.01766944824013551,0.06223263464262701,-0.059017597889964246,0.12711197782100914,0.1095811640550838,-0.03964183133850178,0.2860737143588699,-0.23273468993279928,0.6034522480305572,-0.0005720587239536023,-0.057800843801947,0.08060742762344243,-0.13769949543466958,0.2847906016598277,-0.015472872746228645,-0.16980041538846188,0.1019172680907556,-0.3787764022110567,0.26669860048171024,0.029429073588322065,-0.03827097478557662,0.11547302481620915,-0.11081617102312971,0.27613515086532786,0.0154295826155268,-0.040022991007630355,0.08272023009053169,-0.10295293532261096,0.16587757517570245
15.65909090909091,0.01845258497378687,-0.01644988183974133,0.06132319254113971,-0.05912702983354564,0.12935588281542026,0.10887782983621166,-0.03838618538111084,0.28648029123995084,-0.2152445543876153,0.5801006326432641,0.002488163046890695,-0.05288074236824312,0.079128494511685,-0.1262027500696804,0.26128564275050853,-0.009276994633567105,-0.14838030198128588,0.11069657208105836,-0.34373617124851236,0.25013399385092827,0.0267308856937069,-0.0374640739613671,0.11805428430468018,-0.11527377144259987,0.27850090575464403,0.014645577547844776,-0.045254815675617815,0.07345049421952461,-0.10401956906616802,0.1582477344644747
16.25,0.01918343805941944,-0.014727511187982935,0.06094885581160837,-0.05151201803827967,0.1227793861718554,0.10886039793382067,-0.030941321898824797,0.2739512165316302,-0.19211001478981524,0.6168542070876732,0.0010660152009468443,-0.05150767988923891,0.0764649773114252,-0.12373728196976946,0.2584688086807763,-0.008463476956714806,-0.14701366159295662,0.09620720241015367,-0.32456459717007213,0.2461633736888858,0.025520787206282657,-0.034528018083445244,0.11715847506721393,-0.09806450002646247,0.32173206649456554,0.009533578272233178,-0.04513103416577161,0.07177848996410895,-0.09858038100825775,0.14758395088955098
16.840909090909093,0.018806054173719056,-0.014258278490988098,0.060318394004686464,-0.056275869976049435,0.11733435785299755,0.10642655076452233,-0.02777631346103579,0.2808247964144132,-0.19962630547156476,0.5621974253167223,0.0041672948350834705,-0.05041648615059975,0.07672746517921329,-0.1239954525943049,0.28912441217348117,-0.006632387569830241,-0.14488456282036194,0.09710880892957094,-0.31829820111488055,0.26782000857881544,0.028553646944771843,-0.035269974046099405,0.10728235898414536,-0.09365991973994686,0.26091577585917586,0.013490739463815538,-0.040874717259041245,0.077195256907837,-0.09456759273814637,0.14914342632191147
17.43181818181818,0.01911107159754316,-0.010638006350231696,0.06022477608800582,-0.04662973100044517,0.12118278134671093,0.09918498667068194,-0.017720585516058273,0.2624551542225885,-0.17433415503683355,0.5422929625524848,0.004334153897289021,-0.04617369127588152,0.07537917118174176,-0.10685602034400782,0.270529314925058,-0.005613413894585336,-0.13184502148433008,0.09022739523318954,-0.29626861201282834,0.22167071607668376,0.02512004082589888,-0.03450462960712655,0.10509171355405623,-0.10216742799403297,0.2749251534867872,0.0072036531388516515,-0.045575846043792174,0.06778011037135674,-0.1013066769261226,0.1373203601443132
18.022727272727273,0.02034020336457937,-0.010792416564496735,0.06044652652570313,-0.04764507726025545,0.11686169664654078,0.09723268442185655,-0.020905405067224256,0.2553722205686044,-0.156710546487029,0.5045613387798693,0.0005300846162713667,-0.048234875028700164,0.07080114879738592,-0.11650287457006854,0.2587734750301375,-0.006107279292148016,-0.1259202395484741,0.09034188355218899,-0.2873145744183768,0.2221440755975848,0.02283113919322241,-0.03554147007856618,0.10357466823464553,-0.09882317247699984,0.30881124846802827,0.0065700982658235185,-0.043620038414772064,0.0675898308508193,-0.10019070378579009,0.1366418740155343
18.613636363636367,0.019839273978898793,-0.009188158492613922,0.05779039077990495,-0.041727607912125445,0.11820100712350856,0.08986234308883748,-0.022761784500179582,0.2376220927483094,-0.15402161041396484,0.5020773071628826,0.001559638037794262,-0.04596696529494792,0.07030306179203229,-0.10945535993921977,0.24370882392364648,-0.003232023146802405,-0.11858486468524712,0.08662756770248234,-0.2904687703240688,0.21704855188242062,0.023881548436261956,-0.032794686872710095,0.1029637680218291,-0.09252072116601825,0.28935055514773883,0.01320991799457805,-0.038210309187026385,0.06390136282946433,-0.08264750832808791,0.13039748984771565
19.204545454545453,0.019332772543597977,-0.010570492599405897,0.060366446041840355,-0.042568413585042195,0.1215553376796199,0.09634446630264518,-0.020106166070906616,0.2296989716195398,-0.1780384199044275,0.4714644062703465,0.0028134798648960127,-0.04169632404493339,0.06883896309065914,-0.09978890827451234,0.2389216175249434,-0.001208994476200224,-0.10986725818638571,0.08647858978458055,-0.2700323321361074,0.2186835947659488,0.018514128849127513,-0.03360147173316303,0.09317699040768529,-0.09402074497069388,0.22636936199331878,0.007124285614612331,-0.04145451828155829,0.06409121902965217,-0.08169722699447386,0.14208267190966736
19.795454545454547,0.021096270340946716,-0.007303803215178533,0.05991324106341987,-0.03975036174509019,0.1107388270061553,0.09425898441081904,-0.0054926941593087175,0.21795340347959322,-0.14957634342255058,0.4488861087740886,0.0036599993065460842,-0.0409497696939119,0.07107378752472782,-0.09860141991926422,0.2294291520648909,0.003503407994658258,-0.10077445185050052,0.08760643647250235,-0.2441704241388769,0.21947500065444467,0.018606269087287644,-0.03237171929628028,0.09192453310612718,-0.09133693670762127,0.26885058125981115,0.0029917284870578644,-0.03842598155070126,0.05997810585422348,-0.09549467410709274,0.11352253143185634
20.38636363636364,0.021558580347285965,-0.006774811522257975,0.05897516998468538,-0.03510026254860164,0.11234119573201821,0.09573509564262625,-0.010608349475687775,0.2352062562010245,-0.1505846761555385,0.43150182732486286,0.002823858829171275,-0.04036475902468686,0.06830023105137703,-0.09032348731425874,0.24662193219915218,0.003187718436724048,-0.09995560413153289,0.08528225012907238,-0.27671329597074007,0.2184573938904272,0.019781322095545423,-0.029946759512074612,0.08806950764799297,-0.07836940295094139,0.2489560102419749,0.008756995094932031,-0.03874804246434499,0.059768430598033766,-0.09514670718760188,0.13244139244467665
20.977272727272727,0.021926712733128885,-0.006734450416233406,0.060848470067766704,-0.03597884009640366,0.11709851237642013,0.08574417313636702,-0.0109877280316119,0.2191705868356849,-0.11448520355348372,0.489338840465272,0.0032435006929243332,-0.0426230208067306,0.0713527631459464,-0.09910933676915605,0.26073509113880483,0.002660296989838604,-0.0941378129465005,0.0835776566618318,-0.25927500671973264,0.1926054703295528,0.021155647304685977,-0.030208171984798922,0.08776035072332959,-0.0875204912134496,0.22514883144531225,0.005674751134692943,-0.03501202943948746,0.053634170705954436,-0.09150280608001467,0.11478034787928912
21.56818181818182,0.02175225018168045,-0.00589568013191702,0.05843059466315638,-0.03429600378635872,0.11071623886123311,0.084688235875996,-0.005895611000686875,0.2076820917641342,-0.11432615390289583,0.4530126806791568,0.00015868254005702086,-0.038591851171321204,0.05970259948813906,-0.09016134172965005,0.22440317658068226,0.003483965434304218,-0.09099207294308229,0.08421600188633993,-0.23107586542268577,0.19817828877413943,0.019298958792299738,-0.030372595052706383,0.0866753208477418,-0.08546318178295739,0.28784241100469626,0.0007685892614525655,-0.03770386094561227,0.04933974798542984,-0.08316598233490653,0.12678302976118436
22.15909090909091,0.022473469295295423,-0.006872886027923917,0.06145298774083106,-0.033369575570042956,0.11239954356663076,0.09146887614556558,-0.005691627964460595,0.2151261658492584,-0.13196901893918508,0.4217396400343253,0.0012319495630220751,-0.03561743371084718,0.05545998594205538,-0.08707238869859316,0.21395400514686932,0.01101449507150262,-0.08202570787556343,0.08815541336979311,-0.2201904781592715,0.19278695647730507,0.020949741954783163,-0.02658707004275652,0.08179589347335668,-0.0785688356214392,0.2720309210201235,0.0033362196835449902,-0.04196818016926337,0.05707473273184049,-0.09116156400416958,0.1279337313859739
22.75,0.024051500021093332,-0.004027283685850148,0.059716465629633037,-0.029147050293512076,0.10836415592848687,0.09385850204803341,0.0031367999117765393,0.20202969367029125,-0.10122061678440109,0.3988376366153058,0.0015571745730814457,-0.03344999895593888,0.06428865265757912,-0.0861577469003474,0.2607084846140559,0.004993568648438956,-0.08731003676775265,0.07994613132719804,-0.21698274769283532,0.19201578302958308,0.017932514052388424,-0.027127629361561278,0.08994941426523666,-0.06627404912646558,0.24934184789471792,0.0013992461631948442,-0.035698499743115356,0.0517000533795241,-0.08185728073150605,0.1181390953617532
23.340909090909093,0.023968928091742885,-0.003353331123044182,0.05886493102495895,-0.027231891493744543,0.11196435840179962,0.08505012278616361,0.0020780035701284663,0.20188476694763352,-0.0925281671202932,0.3771998399194343,0.0015345103183943684,-0.03316790480857109,0.06320000994706644,-0.07705247160199132,0.22891298025739606,0.007115003307014839,-0.07710186236625612,0.07900944439382653,-0.19654843007434505,0.18956678783674785,0.016173585191023798,-0.025730449690076988,0.0775013783722436,-0.07535287589055237,0.23378519424250188,-0.0009168324968840913,-0.03783362705693506,0.050776553987485026,-0.07581037036209548,0.11678160366148228
23.931818181818183,0.023592137646158366,-0.0025919716373646526,0.060856618961490215,-0.02885157749807183,0.11616825927208793,0.0854254738179733,0.006711412764109135,0.19241971922016513,-0.09279338724784758,0.3792553980260251,0.0032004584248010444,-0.034287054739499695,0.0537875959956008,-0.07572901621449978,0.19722246685599187,0.004099217822479981,-0.07334633993865233,0.07296889307957716,-0.19139876967025776,0.19227723605347885,0.015130802810795856,-0.02367443050015697,0.0810977220810007,-0.0660191609760107,0.2138790300478167,0.0039054711369400476,-0.03216960582874079,0.042794455533691746,-0.0676602224989777,0.11021637384727934
24.522727272727273,0.02292954732283927,-0.003311034406080395,0.058772412443731006,-0.025840136534164428,0.11348922278270787,0.085153191886211,0.00620046208090068,0.18968803204965487,-0.09160919587241284,0.35332103536449005,0.0007846693281960846,-0.03303454855726775,0.05034904963992919,-0.08020746048335173,0.200527459256351,0.012652584472450004,-0.06368757574665192,0.07986241167096467,-0.19279017882542304,0.17380652428482654,0.014635898834316848,-0.02557410069929059,0.0794990733422796,-0.06405709655014812,0.3309793890383765,-9.650540096354614e-06,-0.03521581576383455,0.04405790913947107,-0.06998870150705025,0.09792252368678106
25.113636363636367,0.025653785442804646,-0.0017037771479575952,0.06086991949141251,-0.025042747934913793,0.10292920141171363,0.08243126337856033,-0.000367691349929155,0.20192243756330872,-0.07805071747533478,0.3875186648996985,0.0005897029338708822,-0.03241697736853048,0.062168923048616834,-0.08089594547839268,0.21814173188086247,0.004823040511316649,-0.06850869125922368,0.07287746247604257,-0.19119090505738093,0.17514256788299626,0.014648498795828815,-0.029201452954836317,0.07571682492029996,-0.06947529000167112,0.21986133082434195,-0.002901330127564434,-0.035576792501281776,0.04190132981254315,-0.07680720170812273,0.1063640370234639
25.704545454545453,0.024603674494606265,-0.0005036416018630877,0.05821773823191686,-0.026138231396427947,0.1068768638794642,0.08300390496620332,0.0024797370914997436,0.18935164028976448,-0.07605691792804177,0.3625341957598092,-0.0001786999306706183,-0.03341440985008627,0.05442167996220636,-0.07878986131251585,0.19750532916842858,0.00946649595777039,-0.06617873674903749,0.07577779106481551,-0.17800582454498393,0.1689455937723,0.015797407436647537,-0.02770873288292665,0.08001969620006476,-0.06879787015808862,0.3101539812573681,0.00033050760432247754,-0.036300962867856335,0.04010422204682095,-0.0767141810179524,0.106607761718539
